gender,name.title,name.first,name.last,location.street.number,location.street.name,location.city,location.country,phone,picture.large,picture.medium,picture.thumbnail
female,Miss,Leah,Owens,2685,Central St,Berkeley,United States,(710)-237-7435,https://randomuser.me/api/portraits/women/62.jpg,https://randomuser.me/api/portraits/med/women/62.jpg,https://randomuser.me/api/portraits/thumb/women/62.jpg
female,Mrs,Arianna,Jacobs,5155,Lakeview St,Indianapolis,United States,(975)-354-5424,https://randomuser.me/api/portraits/women/62.jpg,https://randomuser.me/api/portraits/med/women/62.jpg,https://randomuser.me/api/portraits/thumb/women/62.jpg
male,Mr,Gabe,Sullivan,7792,W 6th St,Albuquerque,United States,(422)-245-2602,https://randomuser.me/api/portraits/men/88.jpg,https://randomuser.me/api/portraits/med/men/88.jpg,https://randomuser.me/api/portraits/thumb/men/88.jpg
female,Miss,Deanna,Castillo,1644,W Sherman Dr,Paterson,United States,(563)-043-8801,https://randomuser.me/api/portraits/women/31.jpg,https://randomuser.me/api/portraits/med/women/31.jpg,https://randomuser.me/api/portraits/thumb/women/31.jpg
male,Mr,Ron,Walters,5398,Saddle Dr,Frisco,United States,(293)-497-2303,https://randomuser.me/api/portraits/men/1.jpg,https://randomuser.me/api/portraits/med/men/1.jpg,https://randomuser.me/api/portraits/thumb/men/1.jpg
male,Mr,Stanley,Moreno,9929,Paddock Way,Frederick,United States,(288)-831-7835,https://randomuser.me/api/portraits/men/21.jpg,https://randomuser.me/api/portraits/med/men/21.jpg,https://randomuser.me/api/portraits/thumb/men/21.jpg
female,Miss,Leslie,Ramirez,1974,Bruce St,Midland,United States,(966)-708-1459,https://randomuser.me/api/portraits/women/21.jpg,https://randomuser.me/api/portraits/med/women/21.jpg,https://randomuser.me/api/portraits/thumb/women/21.jpg
male,Mr,Martin,Lynch,7056,Ranchview Dr,Fayetteville,United States,(597)-050-1846,https://randomuser.me/api/portraits/men/37.jpg,https://randomuser.me/api/portraits/med/men/37.jpg,https://randomuser.me/api/portraits/thumb/men/37.jpg
female,Ms,Jo,Franklin,7011,E Pecan St,Topeka,United States,(387)-903-0655,https://randomuser.me/api/portraits/women/28.jpg,https://randomuser.me/api/portraits/med/women/28.jpg,https://randomuser.me/api/portraits/thumb/women/28.jpg
male,Mr,Aaron,Jensen,5529,Marsh Ln,Fresno,United States,(418)-067-7774,https://randomuser.me/api/portraits/men/35.jpg,https://randomuser.me/api/portraits/med/men/35.jpg,https://randomuser.me/api/portraits/thumb/men/35.jpg
male,Mr,Micheal,Chambers,5843,Ash Dr,Farmers Branch,United States,(229)-817-5463,https://randomuser.me/api/portraits/men/57.jpg,https://randomuser.me/api/portraits/med/men/57.jpg,https://randomuser.me/api/portraits/thumb/men/57.jpg
female,Ms,Arianna,Franklin,6603,Oak Ridge Ln,Lafayette,United States,(866)-170-3646,https://randomuser.me/api/portraits/women/9.jpg,https://randomuser.me/api/portraits/med/women/9.jpg,https://randomuser.me/api/portraits/thumb/women/9.jpg
female,Miss,Harper,Sutton,5416,Bollinger Rd,Desoto,United States,(868)-333-8719,https://randomuser.me/api/portraits/women/88.jpg,https://randomuser.me/api/portraits/med/women/88.jpg,https://randomuser.me/api/portraits/thumb/women/88.jpg
female,Miss,Jo,Wagner,4562,Poplar Dr,Coppell,United States,(155)-988-2244,https://randomuser.me/api/portraits/women/82.jpg,https://randomuser.me/api/portraits/med/women/82.jpg,https://randomuser.me/api/portraits/thumb/women/82.jpg
male,Mr,Eric,Carter,7961,W Dallas St,Newport News,United States,(311)-436-3769,https://randomuser.me/api/portraits/men/62.jpg,https://randomuser.me/api/portraits/med/men/62.jpg,https://randomuser.me/api/portraits/thumb/men/62.jpg
male,Mr,Ron,Riley,3902,Eason Rd,Mckinney,United States,(011)-677-0909,https://randomuser.me/api/portraits/men/12.jpg,https://randomuser.me/api/portraits/med/men/12.jpg,https://randomuser.me/api/portraits/thumb/men/12.jpg
female,Mrs,Jacqueline,Mccoy,9891,Thornridge Cir,Cincinnati,United States,(066)-012-6298,https://randomuser.me/api/portraits/women/40.jpg,https://randomuser.me/api/portraits/med/women/40.jpg,https://randomuser.me/api/portraits/thumb/women/40.jpg
female,Miss,Leah,Wright,3028,Lovers Ln,Flint,United States,(576)-090-7870,https://randomuser.me/api/portraits/women/43.jpg,https://randomuser.me/api/portraits/med/women/43.jpg,https://randomuser.me/api/portraits/thumb/women/43.jpg
male,Mr,Alfred,Harrison,846,Stevens Creek Blvd,Fullerton,United States,(347)-486-2069,https://randomuser.me/api/portraits/men/40.jpg,https://randomuser.me/api/portraits/med/men/40.jpg,https://randomuser.me/api/portraits/thumb/men/40.jpg
male,Mr,Evan,Newman,6738,Cherry St,Coral Springs,United States,(409)-275-6512,https://randomuser.me/api/portraits/men/83.jpg,https://randomuser.me/api/portraits/med/men/83.jpg,https://randomuser.me/api/portraits/thumb/men/83.jpg
female,Ms,Jeanne,Lopez,3602,Bollinger Rd,Roseburg,United States,(808)-134-6638,https://randomuser.me/api/portraits/women/46.jpg,https://randomuser.me/api/portraits/med/women/46.jpg,https://randomuser.me/api/portraits/thumb/women/46.jpg
female,Mrs,Isobel,Burke,2704,Spring St,Cedar Hill,United States,(128)-041-3105,https://randomuser.me/api/portraits/women/57.jpg,https://randomuser.me/api/portraits/med/women/57.jpg,https://randomuser.me/api/portraits/thumb/women/57.jpg
male,Mr,Bobby,Owens,1797,Edwards Rd,Shelby,United States,(182)-094-5307,https://randomuser.me/api/portraits/men/88.jpg,https://randomuser.me/api/portraits/med/men/88.jpg,https://randomuser.me/api/portraits/thumb/men/88.jpg
female,Ms,Mae,Medina,2666,Mockingbird Ln,Springfield,United States,(623)-280-6515,https://randomuser.me/api/portraits/women/72.jpg,https://randomuser.me/api/portraits/med/women/72.jpg,https://randomuser.me/api/portraits/thumb/women/72.jpg
male,Mr,Floyd,Lynch,4406,Green Rd,Salem,United States,(963)-873-7361,https://randomuser.me/api/portraits/men/64.jpg,https://randomuser.me/api/portraits/med/men/64.jpg,https://randomuser.me/api/portraits/thumb/men/64.jpg
male,Mr,Walter,Howell,3663,Wheeler Ridge Dr,Hialeah,United States,(813)-422-9028,https://randomuser.me/api/portraits/men/4.jpg,https://randomuser.me/api/portraits/med/men/4.jpg,https://randomuser.me/api/portraits/thumb/men/4.jpg
male,Mr,Rafael,Price,1135,Miller Ave,Elk Grove,United States,(533)-550-9343,https://randomuser.me/api/portraits/men/72.jpg,https://randomuser.me/api/portraits/med/men/72.jpg,https://randomuser.me/api/portraits/thumb/men/72.jpg
female,Mrs,Peyton,Bates,9760,Paddock Way,Cambridge,United States,(478)-303-2579,https://randomuser.me/api/portraits/women/10.jpg,https://randomuser.me/api/portraits/med/women/10.jpg,https://randomuser.me/api/portraits/thumb/women/10.jpg
male,Mr,Kurt,Sanders,7095,Mockingbird Hill,Mckinney,United States,(731)-125-7929,https://randomuser.me/api/portraits/men/43.jpg,https://randomuser.me/api/portraits/med/men/43.jpg,https://randomuser.me/api/portraits/thumb/men/43.jpg
male,Mr,Nathan,Powell,7327,E Pecan St,Broken Arrow,United States,(010)-644-7726,https://randomuser.me/api/portraits/men/15.jpg,https://randomuser.me/api/portraits/med/men/15.jpg,https://randomuser.me/api/portraits/thumb/men/15.jpg
male,Mr,Carl,Brown,1345,Mockingbird Ln,Fort Worth,United States,(246)-480-0221,https://randomuser.me/api/portraits/men/95.jpg,https://randomuser.me/api/portraits/med/men/95.jpg,https://randomuser.me/api/portraits/thumb/men/95.jpg
female,Miss,Kenzi,Thompson,952,Shady Ln Dr,Costa Mesa,United States,(578)-729-4236,https://randomuser.me/api/portraits/women/82.jpg,https://randomuser.me/api/portraits/med/women/82.jpg,https://randomuser.me/api/portraits/thumb/women/82.jpg
male,Mr,John,Myers,3433,Stevens Creek Blvd,Flowermound,United States,(848)-665-6621,https://randomuser.me/api/portraits/men/15.jpg,https://randomuser.me/api/portraits/med/men/15.jpg,https://randomuser.me/api/portraits/thumb/men/15.jpg
female,Mrs,Delores,Montgomery,8135,Miller Ave,Athens,United States,(012)-723-2865,https://randomuser.me/api/portraits/women/69.jpg,https://randomuser.me/api/portraits/med/women/69.jpg,https://randomuser.me/api/portraits/thumb/women/69.jpg
female,Ms,Alicia,Taylor,5015,Robinson Rd,Arlington,United States,(832)-756-9590,https://randomuser.me/api/portraits/women/39.jpg,https://randomuser.me/api/portraits/med/women/39.jpg,https://randomuser.me/api/portraits/thumb/women/39.jpg
male,Mr,Cameron,Holland,3792,Thornridge Cir,Lousville,United States,(652)-834-1481,https://randomuser.me/api/portraits/men/16.jpg,https://randomuser.me/api/portraits/med/men/16.jpg,https://randomuser.me/api/portraits/thumb/men/16.jpg
female,Miss,Kaylee,George,8586,Valwood Pkwy,Tampa,United States,(427)-332-2767,https://randomuser.me/api/portraits/women/70.jpg,https://randomuser.me/api/portraits/med/women/70.jpg,https://randomuser.me/api/portraits/thumb/women/70.jpg
female,Ms,Melanie,Foster,9725,Prospect Rd,Moreno Valley,United States,(915)-126-1485,https://randomuser.me/api/portraits/women/26.jpg,https://randomuser.me/api/portraits/med/women/26.jpg,https://randomuser.me/api/portraits/thumb/women/26.jpg
female,Ms,Savannah,Williams,5403,Photinia Ave,Seagoville,United States,(641)-480-7773,https://randomuser.me/api/portraits/women/33.jpg,https://randomuser.me/api/portraits/med/women/33.jpg,https://randomuser.me/api/portraits/thumb/women/33.jpg
female,Miss,Jane,Hernandez,7678,Oak Ridge Ln,Dayton,United States,(151)-506-5198,https://randomuser.me/api/portraits/women/88.jpg,https://randomuser.me/api/portraits/med/women/88.jpg,https://randomuser.me/api/portraits/thumb/women/88.jpg
female,Miss,Claudia,Campbell,587,College St,Inglewood,United States,(787)-702-7895,https://randomuser.me/api/portraits/women/67.jpg,https://randomuser.me/api/portraits/med/women/67.jpg,https://randomuser.me/api/portraits/thumb/women/67.jpg
female,Mrs,June,Vasquez,4230,Mockingbird Ln,Laredo,United States,(123)-083-4717,https://randomuser.me/api/portraits/women/60.jpg,https://randomuser.me/api/portraits/med/women/60.jpg,https://randomuser.me/api/portraits/thumb/women/60.jpg
male,Mr,Terrance,Morrison,9975,Royal Ln,Phoenix,United States,(305)-054-6030,https://randomuser.me/api/portraits/men/66.jpg,https://randomuser.me/api/portraits/med/men/66.jpg,https://randomuser.me/api/portraits/thumb/men/66.jpg
male,Mr,Byron,Dean,8476,Mcclellan Rd,Jackson,United States,(655)-707-9173,https://randomuser.me/api/portraits/men/63.jpg,https://randomuser.me/api/portraits/med/men/63.jpg,https://randomuser.me/api/portraits/thumb/men/63.jpg
female,Miss,Colleen,Morgan,9090,Lakeview St,El Monte,United States,(190)-013-2103,https://randomuser.me/api/portraits/women/92.jpg,https://randomuser.me/api/portraits/med/women/92.jpg,https://randomuser.me/api/portraits/thumb/women/92.jpg
male,Mr,Felix,Thompson,2617,Valley View Ln,Palm Bay,United States,(788)-927-8691,https://randomuser.me/api/portraits/men/29.jpg,https://randomuser.me/api/portraits/med/men/29.jpg,https://randomuser.me/api/portraits/thumb/men/29.jpg
male,Mr,Chad,Lowe,9019,W 6th St,Fayetteville,United States,(960)-364-2924,https://randomuser.me/api/portraits/men/46.jpg,https://randomuser.me/api/portraits/med/men/46.jpg,https://randomuser.me/api/portraits/thumb/men/46.jpg
male,Mr,Luke,Lucas,795,Samaritan Dr,Clarksville,United States,(386)-161-6485,https://randomuser.me/api/portraits/men/54.jpg,https://randomuser.me/api/portraits/med/men/54.jpg,https://randomuser.me/api/portraits/thumb/men/54.jpg
female,Ms,Lesa,Ross,2498,Mockingbird Hill,Grand Prairie,United States,(925)-333-1226,https://randomuser.me/api/portraits/women/1.jpg,https://randomuser.me/api/portraits/med/women/1.jpg,https://randomuser.me/api/portraits/thumb/women/1.jpg
male,Mr,Jordan,Owens,7734,Pecan Acres Ln,Henderson,United States,(372)-073-7476,https://randomuser.me/api/portraits/men/1.jpg,https://randomuser.me/api/portraits/med/men/1.jpg,https://randomuser.me/api/portraits/thumb/men/1.jpg
male,Mr,Kyle,Lynch,3689,Adams St,Duncanville,United States,(826)-772-2435,https://randomuser.me/api/portraits/men/73.jpg,https://randomuser.me/api/portraits/med/men/73.jpg,https://randomuser.me/api/portraits/thumb/men/73.jpg
male,Mr,Travis,Peters,8582,Hunters Creek Dr,Lancaster,United States,(950)-245-9343,https://randomuser.me/api/portraits/men/43.jpg,https://randomuser.me/api/portraits/med/men/43.jpg,https://randomuser.me/api/portraits/thumb/men/43.jpg
male,Mr,Soham,Hanson,4712,Westheimer Rd,Rochester,United States,(935)-159-2373,https://randomuser.me/api/portraits/men/69.jpg,https://randomuser.me/api/portraits/med/men/69.jpg,https://randomuser.me/api/portraits/thumb/men/69.jpg
female,Mrs,Marjorie,Horton,1187,Woodland St,Anchorage,United States,(493)-916-8700,https://randomuser.me/api/portraits/women/68.jpg,https://randomuser.me/api/portraits/med/women/68.jpg,https://randomuser.me/api/portraits/thumb/women/68.jpg
male,Mr,Alberto,Nelson,2421,Valwood Pkwy,Rio Rancho,United States,(843)-933-9189,https://randomuser.me/api/portraits/men/33.jpg,https://randomuser.me/api/portraits/med/men/33.jpg,https://randomuser.me/api/portraits/thumb/men/33.jpg
male,Mr,Tim,Evans,391,E North St,Richardson,United States,(054)-440-1154,https://randomuser.me/api/portraits/men/6.jpg,https://randomuser.me/api/portraits/med/men/6.jpg,https://randomuser.me/api/portraits/thumb/men/6.jpg
male,Mr,Gerald,Rodriguez,6320,E Sandy Lake Rd,Pompano Beach,United States,(732)-584-6386,https://randomuser.me/api/portraits/men/35.jpg,https://randomuser.me/api/portraits/med/men/35.jpg,https://randomuser.me/api/portraits/thumb/men/35.jpg
female,Miss,Marsha,Robinson,2170,Paddock Way,Pueblo,United States,(239)-451-6407,https://randomuser.me/api/portraits/women/79.jpg,https://randomuser.me/api/portraits/med/women/79.jpg,https://randomuser.me/api/portraits/thumb/women/79.jpg
male,Mr,Glen,Clark,5658,Samaritan Dr,Murfreesboro,United States,(634)-170-8313,https://randomuser.me/api/portraits/men/53.jpg,https://randomuser.me/api/portraits/med/men/53.jpg,https://randomuser.me/api/portraits/thumb/men/53.jpg
male,Mr,Randall,Ruiz,1332,Homestead Rd,Milwaukee,United States,(338)-477-8391,https://randomuser.me/api/portraits/men/46.jpg,https://randomuser.me/api/portraits/med/men/46.jpg,https://randomuser.me/api/portraits/thumb/men/46.jpg
male,Mr,Harvey,Hopkins,1358,Hickory Creek Dr,Anaheim,United States,(455)-380-3233,https://randomuser.me/api/portraits/men/1.jpg,https://randomuser.me/api/portraits/med/men/1.jpg,https://randomuser.me/api/portraits/thumb/men/1.jpg
female,Mrs,Laurie,Fields,5057,Blossom Hill Rd,El Cajon,United States,(444)-818-4738,https://randomuser.me/api/portraits/women/58.jpg,https://randomuser.me/api/portraits/med/women/58.jpg,https://randomuser.me/api/portraits/thumb/women/58.jpg
male,Mr,Harry,Richards,8996,Locust Rd,South Bend,United States,(506)-369-9356,https://randomuser.me/api/portraits/men/44.jpg,https://randomuser.me/api/portraits/med/men/44.jpg,https://randomuser.me/api/portraits/thumb/men/44.jpg
female,Ms,June,Fisher,2822,Photinia Ave,Alexandria,United States,(261)-295-0612,https://randomuser.me/api/portraits/women/22.jpg,https://randomuser.me/api/portraits/med/women/22.jpg,https://randomuser.me/api/portraits/thumb/women/22.jpg
male,Mr,Raul,Coleman,9269,Hunters Creek Dr,Alexandria,United States,(801)-091-6255,https://randomuser.me/api/portraits/men/6.jpg,https://randomuser.me/api/portraits/med/men/6.jpg,https://randomuser.me/api/portraits/thumb/men/6.jpg
female,Miss,Alice,Daniels,8178,Parker Rd,Daly City,United States,(808)-329-3156,https://randomuser.me/api/portraits/women/37.jpg,https://randomuser.me/api/portraits/med/women/37.jpg,https://randomuser.me/api/portraits/thumb/women/37.jpg
female,Mrs,Bella,Bryant,1057,Mcclellan Rd,Akron,United States,(119)-310-7869,https://randomuser.me/api/portraits/women/30.jpg,https://randomuser.me/api/portraits/med/women/30.jpg,https://randomuser.me/api/portraits/thumb/women/30.jpg
female,Miss,Joan,Bryant,6686,Frances Ct,Austin,United States,(426)-844-3096,https://randomuser.me/api/portraits/women/62.jpg,https://randomuser.me/api/portraits/med/women/62.jpg,https://randomuser.me/api/portraits/thumb/women/62.jpg
female,Mrs,Gail,Hudson,1803,E Center St,Rancho Cucamonga,United States,(147)-897-9538,https://randomuser.me/api/portraits/women/21.jpg,https://randomuser.me/api/portraits/med/women/21.jpg,https://randomuser.me/api/portraits/thumb/women/21.jpg
female,Miss,Rose,Fields,1560,W Campbell Ave,Knoxville,United States,(167)-213-5549,https://randomuser.me/api/portraits/women/49.jpg,https://randomuser.me/api/portraits/med/women/49.jpg,https://randomuser.me/api/portraits/thumb/women/49.jpg
male,Mr,Corey,Rhodes,1701,Samaritan Dr,South Valley,United States,(125)-030-9173,https://randomuser.me/api/portraits/men/51.jpg,https://randomuser.me/api/portraits/med/men/51.jpg,https://randomuser.me/api/portraits/thumb/men/51.jpg
female,Mrs,Sue,Chapman,666,Eason Rd,Bueblo,United States,(083)-957-5169,https://randomuser.me/api/portraits/women/91.jpg,https://randomuser.me/api/portraits/med/women/91.jpg,https://randomuser.me/api/portraits/thumb/women/91.jpg
female,Mrs,Annette,Patterson,2835,Walnut Hill Ln,Fort Wayne,United States,(292)-523-2355,https://randomuser.me/api/portraits/women/67.jpg,https://randomuser.me/api/portraits/med/women/67.jpg,https://randomuser.me/api/portraits/thumb/women/67.jpg
male,Mr,Armando,Sims,9790,Harrison Ct,Aubrey,United States,(215)-576-7140,https://randomuser.me/api/portraits/men/26.jpg,https://randomuser.me/api/portraits/med/men/26.jpg,https://randomuser.me/api/portraits/thumb/men/26.jpg
male,Mr,Miguel,Bradley,9947,Samaritan Dr,Miami Gardens,United States,(365)-402-3828,https://randomuser.me/api/portraits/men/46.jpg,https://randomuser.me/api/portraits/med/men/46.jpg,https://randomuser.me/api/portraits/thumb/men/46.jpg
male,Mr,Dwayne,Bates,2274,Ash Dr,Dayton,United States,(403)-976-7415,https://randomuser.me/api/portraits/men/51.jpg,https://randomuser.me/api/portraits/med/men/51.jpg,https://randomuser.me/api/portraits/thumb/men/51.jpg
male,Mr,Virgil,Williams,1030,Shady Ln Dr,High Point,United States,(457)-325-8885,https://randomuser.me/api/portraits/men/38.jpg,https://randomuser.me/api/portraits/med/men/38.jpg,https://randomuser.me/api/portraits/thumb/men/38.jpg
female,Ms,Susan,Kelley,1747,Stevens Creek Blvd,Sacramento,United States,(115)-286-3235,https://randomuser.me/api/portraits/women/57.jpg,https://randomuser.me/api/portraits/med/women/57.jpg,https://randomuser.me/api/portraits/thumb/women/57.jpg
male,Mr,Francis,Carpenter,4724,Rolling Green Rd,Santa Clara,United States,(987)-701-3269,https://randomuser.me/api/portraits/men/12.jpg,https://randomuser.me/api/portraits/med/men/12.jpg,https://randomuser.me/api/portraits/thumb/men/12.jpg
female,Mrs,Sofia,Bennett,2440,Marsh Ln,Peoria,United States,(879)-955-8935,https://randomuser.me/api/portraits/women/10.jpg,https://randomuser.me/api/portraits/med/women/10.jpg,https://randomuser.me/api/portraits/thumb/women/10.jpg
male,Mr,Reginald,Arnold,9355,W Belt Line Rd,Celina,United States,(394)-398-9743,https://randomuser.me/api/portraits/men/24.jpg,https://randomuser.me/api/portraits/med/men/24.jpg,https://randomuser.me/api/portraits/thumb/men/24.jpg
male,Mr,Alfredo,Griffin,7968,White Oak Dr,West Covina,United States,(290)-863-4990,https://randomuser.me/api/portraits/men/78.jpg,https://randomuser.me/api/portraits/med/men/78.jpg,https://randomuser.me/api/portraits/thumb/men/78.jpg
female,Ms,Christy,Carroll,6203,Railroad St,Arvada,United States,(428)-826-4034,https://randomuser.me/api/portraits/women/52.jpg,https://randomuser.me/api/portraits/med/women/52.jpg,https://randomuser.me/api/portraits/thumb/women/52.jpg
male,Mr,Allen,Garrett,4518,Robinson Rd,Elko,United States,(784)-905-7764,https://randomuser.me/api/portraits/men/61.jpg,https://randomuser.me/api/portraits/med/men/61.jpg,https://randomuser.me/api/portraits/thumb/men/61.jpg
female,Ms,Lillie,Lambert,7516,James St,Bellevue,United States,(377)-577-2642,https://randomuser.me/api/portraits/women/38.jpg,https://randomuser.me/api/portraits/med/women/38.jpg,https://randomuser.me/api/portraits/thumb/women/38.jpg
female,Miss,Erika,Howard,8498,E Center St,Jackson,United States,(284)-190-2240,https://randomuser.me/api/portraits/women/56.jpg,https://randomuser.me/api/portraits/med/women/56.jpg,https://randomuser.me/api/portraits/thumb/women/56.jpg
male,Mr,Ricardo,Fletcher,1195,Eason Rd,Van Alstyne,United States,(290)-369-3421,https://randomuser.me/api/portraits/men/78.jpg,https://randomuser.me/api/portraits/med/men/78.jpg,https://randomuser.me/api/portraits/thumb/men/78.jpg
female,Ms,Gwendolyn,Rivera,1463,Country Club Rd,Clarksville,United States,(729)-926-3706,https://randomuser.me/api/portraits/women/75.jpg,https://randomuser.me/api/portraits/med/women/75.jpg,https://randomuser.me/api/portraits/thumb/women/75.jpg
male,Mr,Marion,Watson,7575,Hogan St,South Valley,United States,(779)-448-4004,https://randomuser.me/api/portraits/men/65.jpg,https://randomuser.me/api/portraits/med/men/65.jpg,https://randomuser.me/api/portraits/thumb/men/65.jpg
female,Ms,Alicia,Green,176,Spring St,Ironville,United States,(785)-038-9864,https://randomuser.me/api/portraits/women/54.jpg,https://randomuser.me/api/portraits/med/women/54.jpg,https://randomuser.me/api/portraits/thumb/women/54.jpg
male,Mr,Mario,Lucas,8699,Woodland St,Dallas,United States,(479)-031-6323,https://randomuser.me/api/portraits/men/41.jpg,https://randomuser.me/api/portraits/med/men/41.jpg,https://randomuser.me/api/portraits/thumb/men/41.jpg
male,Mr,Ricardo,Armstrong,397,Crockett St,Toledo,United States,(677)-203-7323,https://randomuser.me/api/portraits/men/63.jpg,https://randomuser.me/api/portraits/med/men/63.jpg,https://randomuser.me/api/portraits/thumb/men/63.jpg
male,Mr,Cory,Ross,621,Miller Ave,Cleveland,United States,(602)-231-8664,https://randomuser.me/api/portraits/men/83.jpg,https://randomuser.me/api/portraits/med/men/83.jpg,https://randomuser.me/api/portraits/thumb/men/83.jpg
male,Mr,Wesley,Crawford,541,W Dallas St,Grapevine,United States,(035)-398-1700,https://randomuser.me/api/portraits/men/67.jpg,https://randomuser.me/api/portraits/med/men/67.jpg,https://randomuser.me/api/portraits/thumb/men/67.jpg
male,Mr,Alan,Adams,3711,Poplar Dr,Springfield,United States,(800)-080-1764,https://randomuser.me/api/portraits/men/63.jpg,https://randomuser.me/api/portraits/med/men/63.jpg,https://randomuser.me/api/portraits/thumb/men/63.jpg
female,Miss,Theresa,Phillips,5546,Groveland Terrace,South Valley,United States,(949)-487-3703,https://randomuser.me/api/portraits/women/60.jpg,https://randomuser.me/api/portraits/med/women/60.jpg,https://randomuser.me/api/portraits/thumb/women/60.jpg
male,Mr,Derrick,Nichols,2549,W Dallas St,Fort Worth,United States,(178)-499-4019,https://randomuser.me/api/portraits/men/39.jpg,https://randomuser.me/api/portraits/med/men/39.jpg,https://randomuser.me/api/portraits/thumb/men/39.jpg
male,Mr,Willie,Martin,5770,Valwood Pkwy,Little Rock,United States,(112)-334-8746,https://randomuser.me/api/portraits/men/94.jpg,https://randomuser.me/api/portraits/med/men/94.jpg,https://randomuser.me/api/portraits/thumb/men/94.jpg
male,Mr,Dave,Arnold,3925,Frances Ct,Manchester,United States,(933)-265-9484,https://randomuser.me/api/portraits/men/54.jpg,https://randomuser.me/api/portraits/med/men/54.jpg,https://randomuser.me/api/portraits/thumb/men/54.jpg
male,Mr,Don,Long,9642,Miller Ave,Addison,United States,(396)-161-2286,https://randomuser.me/api/portraits/men/90.jpg,https://randomuser.me/api/portraits/med/men/90.jpg,https://randomuser.me/api/portraits/thumb/men/90.jpg